yorum sayýsý,yorumlar:,,,,,,,,,,,,,,,,,,,,,,,,,,,,,,
1,"Muhteþem diyebilirim, evde ANC özelliðinin etkisini pek görememiþtim, bugün E5 yolu kenarýnda müzikle beraber gürültü engellemeyi açýp kapatýnca ne kadar etkili olduðuna þaþýrdým ve hayran kaldým, mükemmel.",,,,,,,,,,,,,,,,,,,,,,,,,,,,,,
2,Trendyol satýcýsýndan aldým niþanlýma çok beðendi çok kaliteli ve paketleme mükemmel hýzlý kargo için de thanks,,,,,,,,,,,,,,,,,,,,,,,,,,,,,,
3,Ben 8300 e aldým. 2 gün sonra 11.000 e çýktý. Satýcýsý teknosa . Baya iyi sesi gürültü engelleme özelliði harika kullanýþlý umarým uzun süre dayanýr,,,,,,,,,,,,,,,,,,,,,,,,,,,,,,
4,"Ýlk geldiðinde evde sessiz ortamda denemiþtim gürültü engelleme özelliðini, pek bi espirisi yokmuþ diye düþünmüþtüm. Asýl etkisi dýþarýda gürültülü ortamda belli oluyor. Muhteþem bir þey.",,,,,,,,,,,,,,,,,,,,,,,,,,,,,,
5,3 aydan uzun suredir kullaniyordum ve yani parasini haketcek mi diye cok dusundum ama her kurusu helal olsun ses kalitesi muthis sarji uzun sure gidiyoe hizli doluyor hele apple musicten dinleyince resmen sarki dinlemek muthis zevk veriyor gurultu engellemesi de soyle ki metroda vs o ugultuyucok iyi kesiyor ama mesela ayni odada oldugunuz biri konusuyorsa onu duyuyorsunuz sesleri tamamen yoketmiyor belki prolar bu konuda daha iyidir ama ben bundan da raziyim cok seviyorum onlari ve uzun sure jbl kulakustu kulanmis biri olarak hayat kalitemi yukseltti ve dedim vay be teknoloji nasil gelismis yani oyle ben seviyorum,,,,,,,,,,,,,,,,,,,,,,,,,,,,,,
6,çok beðendim çok güzel tavsiye ederim indirimden aldým çok memnunum fiyat performans ürünü,,,,,,,,,,,,,,,,,,,,,,,,,,,,,,
7,Trendyola çok teþekkür ediyorum çok güzel paketleme ve teslimat. Dün sipariþ verdim bugün öðleden sonra teslim aldým bravo gerçekten. Ürün orijinal kuþkusuz alýnabilir.,,,,,,,,,,,,,,,,,,,,,,,,,,,,,,
8,"Ürün Mediamarkt tarafýndan orjinal ambalajýnda gönderildi. Ürünün zarar görmemesi için gerekli tedbirler alýnmýþ, özenli paketlenmiþti. Kýzýmýn 22.yaþgünü için aldým. Çok detaylý bir araþtýrma sonunda bu ürüne karar verdim. Kýzým da ""niye daha önce almamýþýz, ses kalitesi muhteþem"" yorumu yaptý. Gürültü önleyici özelliðine sahip kulak içi mi kafa üstü mü diye tereddüt yaþýyorsanýz kesinlikle bu ürün derim.",,,,,,,,,,,,,,,,,,,,,,,,,,,,,,
9,Para kazanmaya baþladýðýmdan beri tüm paramý apple ürünlerine harcadým bir tanesi bile piþman etmedi. Þeffaf mod özelliði ve konuþma performansý harika. Lütfen alýn,,,,,,,,,,,,,,,,,,,,,,,,,,,,,,
10,Çok saðlam güzel paketlenmiþ elle yetiþti ellerinize saðlýk,,,,,,,,,,,,,,,,,,,,,,,,,,,,,,
11,Hayatýmda kullandýðým en iyi kulaklýk. Gürültü engelleme özelliðinin hayat kalitemi bu kadar arttýracaðýný düþünmezdim,,,,,,,,,,,,,,,,,,,,,,,,,,,,,,
12,"Sýfýr ürün, kargo paketlemesi de iyidi. Sorunsuz baðlandý sesi muazzam çok iyi… Süper performans. Gürültü engeleyici de iyi. Çok memnun kaldým. Teþekkür ediyorum. ",,,,,,,,,,,,,,,,,,,,,,,,,,,,,,
13,Gürültü engelleme özelliði çok iyi. Uzun süreli toplantýlarda kulaðým acýmadan kullanýyorum,,,,,,,,,,,,,,,,,,,,,,,,,,,,,,
14,yorum alýþkanlýðým yoktur ama þaþýrtmadý beklentimi karþýladý baya baya konfor ses kalitesi her þey harika gürültü engelleme özelliðinin kapanabilir olmasý iyi olmuþ bazen bunaltýyor.,,,,,,,,,,,,,,,,,,,,,,,,,,,,,,
15,"Satýcýya çok teþekkür ediyorum sipariþim saðlam ve sorunsuz bir þekilde teslim edildi üstelik 2 günde geldi, Þunu söylemek isterim ki ürün gerçekten çok kaliteli ve güzel orjinal bir kulaklýk bunu söylemek istiyorum yani ayrýca ben aktif gürültü engelleme özelliði olan modelini tercih ettim müzik dinlediðimde hiç bir þekilde dýþarýdan ses gelmiyor içeriye, çok iyi çalýþýyor yani kulakta duruþu ise hiç bir þekilde rahatsýz etmiyor çok rahat kullanýlabilir.",,,,,,,,,,,,,,,,,,,,,,,,,,,,,,
16,Alýrken biraz tereddüt etmiþtim ama sorunsuz bir þekilde elime ulaþtý ses kalitesi gürültü engellemesi muazzam þu an çok memnunum,,,,,,,,,,,,,,,,,,,,,,,,,,,,,,
17,Ses kalitesi çok iyi zaten iPhone’dan da bu beklenir gürültüyü çok iyi engelliyor ve orijinal,,,,,,,,,,,,,,,,,,,,,,,,,,,,,,
18,Ýki gün içinde elimde oldu ve nfc li aldým neden bu zamana kadar almamýþým dedirtti aktif gürültü engelleyicisi çok iyi daha önce hiç kullanmamýþtým airpods ama bu çok iyi kulaðýmdan düþer diye korkuyordum ama herhangi bir düþme vs olmadý çok memnunum iþ ortamýnda çok konforlu kullanýmý,,,,,,,,,,,,,,,,,,,,,,,,,,,,,,
19,orijinal ürün geldi gürültü engelleme modundan çok memnun kaldým dinleme kalitenizi arttýrýyor,,,,,,,,,,,,,,,,,,,,,,,,,,,,,,
20,"Teslimat hýzlýydý. Ürün zaten apple kalitesi, aktif gürültü engelleme çok iyi çalýþýyor. Sorunsuz bir alýþveriþ oldu",,,,,,,,,,,,,,,,,,,,,,,,,,,,,,
21,"MUAZZAM BÝR ÞEY. o tüm sesi kesiþi, dünyadan uzaklaþtýrýþý þaka gibi. Pro belki daha iyi olabilir silikonlu falan ama silikondan emin olamadýðým için bunu aldým muazzammmmm arkadaþlar muazzammm",,,,,,,,,,,,,,,,,,,,,,,,,,,,,,
22,"2 günde geldi ve ses kalitesi çok güzel, iyi ki ANC’li almýþým gerçekten sesi sýfýrlýyor, normal ve ANC’li arasýnda kalan varsa kesinlikle bunu alsýn.Kulaða da çok rahat oturuyor yok gibi resmen parasýný sonuna kadar hak ediyor.",,,,,,,,,,,,,,,,,,,,,,,,,,,,,,
23,Sipariþi verdim ertesi gün öðlen ürün bana ulaþtý. Harika. Hýzlý gönderim güvenli paketleme,,,,,,,,,,,,,,,,,,,,,,,,,,,,,,
24,Silikonlu kulaklýktan geçtim rahatsýz eder falan diye düþünüyordum ama çok rahat ve çok kaliteli ses veriyo ayriyeten gürültü engelleme özelliði çok iyi bence 2 bin tl farkla bunu almak daha mantýklý,,,,,,,,,,,,,,,,,,,,,,,,,,,,,,
25,Yurtiçi kargo ile Gel al noktasýndan sipariþ verdim. Ertesi gün kargom ulaþtý. Gerçekten çok iyi hizmet ve kargo. Kulaklýk çok iyi ve anc özelliði iyi çalýþýyor. Orjinal Apple ürüne. Alacaklar þüphe etmesin gönül rahatlýðý ile alabilir,,,,,,,,,,,,,,,,,,,,,,,,,,,,,,
26,Niþanlýma hediye olarak aldým önceki AirPodsumuzda en büyük problemimiz kulaklýkla konuþurken sesin çok kalitesiz ve boðuk gelmesiydi bu ürün gerçekten beklentimizi karþýladý ses kalitesi çok çok iyi,,,,,,,,,,,,,,,,,,,,,,,,,,,,,,
27,1 hafta oldu alalý ürün kalitesi harika fiyatý Apple sitesin de ki fiyata göre gayet iyi anc özelliði mükemmel dýþardan gelen bir ses veya siz kulaklýk takýlýyken konuþursanýz ses otomatik kýsýlýyor uzun bir araþtýrma sonucu güzel karar verip almýþým gözü kapalý tavsiye ederim,,,,,,,,,,,,,,,,,,,,,,,,,,,,,,
28,yemin ederim hayat kalitem arttý çokkkk iyi alýn aldýrýn hiçbir uðultuyu gürültüyü duymuyorum ses kalitesi de muazzam ben bu kulaklýk olmadan nasýl yasýyormusum dedirttii,,,,,,,,,,,,,,,,,,,,,,,,,,,,,,
29,Þimdiye kadar almadýðýma piþmaným çok kullanýþlý ses kalitesi güzel ayrýca sipariþ verdiðimin ertesi gün elime ulaþtý tedarikçi firmaya teþekkür ederim,,,,,,,,,,,,,,,,,,,,,,,,,,,,,,
30,Yüksek sesli makinalarýn yanýnda çalýþýyorum anc özelliði muazzam çalýþýyor ürün orjinal þüpheniz olmasýn ses kalitesi harika mikrofonu telefonla konuþurcasýna çok net,,,,,,,,,,,,,,,,,,,,,,,,,,,,,,
31,"Ürün beklentimin çok çok üstünde. Gürültü engelleme, þeffaf mod, uzamsal ses modu vs gibi deneyimler mükemmel.",,,,,,,,,,,,,,,,,,,,,,,,,,,,,,
32,"Bayýldým, ANC özelliði biraz fanusta gibi hissediyor ama kalabalýk ortamlarda çok iþe yarayacak bir özellik. Genel olarak ses kalitesi, batarya süresini de gayet yeterli buldum. Paketleme de çok iyiydi",,,,,,,,,,,,,,,,,,,,,,,,,,,,,,
33,"anc özelliði çok güzel dýs sesi mükemmel kesiyor , genel olarak kulaklýktan çok memmun kaldim gönül rahatlýðýyla tavsiye ederim",,,,,,,,,,,,,,,,,,,,,,,,,,,,,,
34,ürün çok hýzlý geldi Trendyol kalitesi þaþmaz Ýstanbul Siirt arasý 2 günde geldi helal olsun ürünü anlatmama gerek yok Apple kalitesi bunun yerine 3 koyup pro 2 alýn anc güzel pro 2 kadar deðil.,,,,,,,,,,,,,,,,,,,,,,,,,,,,,,
35,Airpods 2 vardý bende o bozuldu bunu aldým aradaki fark beni þok etti diðeriyle telefonla konuþamuyodum zaten bu kulaðýna takar takmaz sanki kulaðýn týkanmýþ hissi veriyo ses kalitesi inanýlmaz güzel alýn aldýrýn,,,,,,,,,,,,,,,,,,,,,,,,,,,,,,
36,"Daha önce ANC kullanmamýþ biri olarak yazýyorum; Birþey dinlemenize gerek yok, doðru ayarla iki kulaklýðý taktýðýnýz anda dünyadan izole ediyor.. Ses kalitesi tartýþmaya kapalý. Kutunun boyutu çok küçük, her an kaybolacak hissi veriyor. Son ses açtýðýnýzda doðal olarak dýþarýya da výzýltý kývamýnda duyuluyor dinlediðiniz müzik ama kafanýzýn içinde Bostancý Gösteri Merkezinde Þebnem Ferah konseri ortamý yapýyor..:) Ben çok beðendim ve tavsiye ederim..",,,,,,,,,,,,,,,,,,,,,,,,,,,,,,
37,Sorunsuz hasarsýz geldi gürültü engelleme özelliði benim için ideal iþ yerinde klima sesini üretim sesini bile kesti kýlýfýmý da hemen aldým çok minnoþ oldu ,,,,,,,,,,,,,,,,,,,,,sss,s,s,s,s,s,s,s,s,s
38,"Yýllardýr beats ve earpods kullanýyordum ilk airpodsum bu oldu ve ANC olayý çok baþarýlý çalýþýyor, ses kalitesi desen zaten muazzam, bu fiyatý hak eder mi tartýþýlýr ama kulaklýk harika",,,,,,,,,,,,,,,,,,,,,,,,,,,,,,
39,Hýzlý ve saðlam geldi orjinal ürün gayet memnunum,,,,,,,,,,,,,,,,,,,,,,,,,,,,,,
40,Normalde yorum deðerlendirme falan yapmam ama Müthiþ müthiþ bayýldým harika bir kulaklýk dýþarýdaki hiçbir sesi duymuyorsunuz dizi film müziðinizden baþka bayýldým bu ürüne biraz tuzlu ama kesinlikle deðer bir Air pods alacaksanýz kesssinlikle pro4,,,,,,,,,,,,,,,,,,,,,,,,,,,,,,
41,"Kapaðý oynuyor, media markt çalýþaný ile görüþtüðümde Apple a yönlendirdiler. Apple da çalýþan kiþilerse bunun garanti kapsamýnda olmadýðýný söyledi.",,,,,,,,,,,,,,,,,,,,,,,,,,,,,,
42,Androide baðlanmýyor iþimi görmedi,,,,,,,,,,,,,,,,,,,,,,,,,,,,,,
43,"Her þey çok çabuk oldu, kargo iyi paketlenmiþti, mediamarktan sms de geldi, güzel bir þekilde elime ulaþtý. Biraz fazla kullanýnca kulaðým acýyor, ama diðer modellerdeki silikon olunca da kulaðýmdan düþüyor, yapacak bir þey yok ses kalitesi süper, þarj da iyi dayanýyor.",,,,,,,,,,,,,,,,,,,,,,,,,,,,,,
44,Ürünü 2.5 aydýr kullanýyorum ve ben çok beðendim. Diðer prolarda olan iç kýsýmdaki þeyle kullanamýyorum. Bu benim için çok iyi. Almýþken güzelini almak istedim. Deðiþik modlarý var. Aktif gürültü engelleme özelliðini ister kullanýr ister kullanmazsýnýz yani kapatabiliyorsunuz. Yok diyenler kulaklýðý kullanmayý keþfedemeyenler muhtemelen. Sohbet farkýndalýðý diye ayrýca bir seçenek de var biriyle konuþurken ya da biri size bir þey söylerse otomatik sesi azaltýyor duyabilin diye. Açýkçasý ben baya beðendim.,,,,,,,,,,,,,,,,,,,,,,,,,,,,,,
45,yorunlarý okuduðumda çok korkmuþtum emin olamamýþtým alýp almamak konusunda ama meðersem yanýlmýþým harika bir ürün harika ses kalitesi hiç bir þekilde kulak aðrýsýda yapmýyor herkese tavsiye ederim ama herkesinde bildiði gibi apple markasýnýn tek eksiði ürünün içine þarj kablosu koymuyorlar,,,,,,,,,,,,,,,,,,,,,,,,,,,,,,
46,"Kargolama çok iyiydi. Ürünün kalitesi deseniz inanýlmaz, tragus ve forward helix piercingim olmasýna raðmen çok rahat kullanýyorum. Gürültü engelleme modunun da bu kadar fark edeceðini gerçekten düþünmüyordum, üstüne biraz daha eklenip alýnýr mý derseniz kesinlikle alýnýr: özellikle baþ aðrýsý gibi durumlarda çok iþe yarýyor. Fiyatý ise bir kulaklýk için biraz tuzlu, ama kesinlikle verilir. Sorunsuz kullanýyorum. Þarjý da 3 gün rahat götürüyor. Apple kalitesi",,,,,,,,,,,,,,,,,,,,,,,,,,,,,,
47,Çok güzel geldi ve bundan önce düz airpodos 4üm vardý. Fiyat farkýný gereksiz buluyordum. Arkadaþýmda bunu denedikten sonra hemen aldým yolda ki trafik sesi gereksiz mýrýltýlar hepsini o kadar güzel kesiyor ki. Ama rüzgar kuþ sesini kesmiyor mesela o yüzden yürüyüþlerde filan çok güzel oluyor. Hatta çýkardýðýnýzda kullaklýðý çýkardýðýnýzda ne kadar gürültü kirliliði içerisibde yaþadýðýöýzý fark ediyorum.,,,,,,,,,,,,,,,,,,,,,,,,,,,,,,
48,"Ürünle ilgili bana uygun (kulak yapýma) olmadýðýndan iade talebinde bulundum,hemen yardýmcý oldular teþekkür ediyorum , gönül rahatlýðýyla ürün alabileceðiniz bir yer",,,,,,,,,,,,,,,,,,,,,,,,,,,,,,
49,Bir sürü süper özelliði var ama kulaðýmdan düþüyor slikonlu alsaymýþým daha iyiymiþ,,,,,,,,,,,,,,,,,,,,,,,,,,,,,,
50,Gürültü engelleme özelliði çok iyi. Konuþurkende müzik dinlerken de ses iyiydi. Paketleme de güzel sorunsuz geldi.,,,,,,,,,,,,,,,,,,,,,,,,,,,,,,
51,Oðluma aldým severek kullanýyor halinden çok memnun sadece kafa hareketlerini kullanmakta zorlanýyormuþ onun dýþýnda memnun pahalý ama kaliteli.,,,,,,,,,,,,,,,,,,,,,,,,,,,,,,
52,müzik dinlerken sesi gayet tatmin edici ve biriyle konuþurken otomatik sesi kýsýyor gayet kullanýþlý severek kullanýyorum hemen kýlýf da aldým çok güzel oldu,,,,,,,,,,,,,,,,,,,,,,,,,,,,,,
53,"Kulakligimi 27 Aralýk tarihinde 8300 TL'ye aldým o tarihten bu yana aktif olarak kullanýyorum. Ürün orijinal Apple üzerinden kontrol ettim garantisini baþlattým ve Apple 15 telefonuma Bul uygulamasýna kayýtlý cihaz olarak yükledim. Ürün özelliklerine gelecek olursam ürün küçük kulaða tam oturuyor diyenlere katýlmýyorum. Koþmasam da spor yapmasam da kafamý aktif olarak kullanmasam da kulaðýmda düþtüðü zamanlar oluyor. Ama sürekli sürekli de düþmüyor. Uzun süre takýnca kulaðý çok acýtmýyor ama bir noktadan sonra rahatsýz ediyor. Aktif gürültü önleme özelliðini baþarýlý buldum özellikle otobüslerde motor sesini, klima sesine, yoldan geçen arabalarýn sesine vesaire on seviyeden iki seviyeye indiriyor. Ýnsan seslerinde ise on seviyeden dört seviyeye indiriyor. Þu þekilde örnek vereyim otobüste giderken aktif gürültü önleme özelliðini kullanmadan tüm sesleri bastýrmasý için sesi %100 açmanýz gerekiyor ama aktif gürültü önleme özelliði etkinken %30'da açsanýzda tüm sesler kesiliyor. Þarj süresi ise çok rahat iki gün gidiyor üç günü zorluyor benim günde üç saatim trafikte geçiyor aktif gürültü önleme özelliði açýkken kulaklýðý sürekli kullanýyorum onun dýþýnda ofisteyken ve ders çalýþýyorken de aktif halde kullanýyorum. Telefonla konuþurken karþý tarafa sesim gayet net gidiyor herhangi bir sorun yaþamýyorum ama otobüste falan konuþurken karþý taraf sesimi duymakta zorlanýyor sessiz ortamlarda daha baþarýlý.",,,,,,,,,,,,,,,,,,,,,,,,,,,,,,
54,Eski AirPods‘um da gürültü engelleme özelliði yoktu ses kalitesi gayet iyiydi AirPods 4 aktif gürültü engelleme özelliði gerçekten harika bir þeymiþ bu kadar fark edeceðini düþünmemiþtim ürünü çok beðendim ses kalitesi de gayet mükemmel telefonda konuþtuðum zaman da asla sýkýntý yaþamýyorum sadece yalnýz baþýma yolda yürürken aktif gürültü engelleme özelliðini açamýyorum baþýma bir þey gelebilir diye,,,,,,,,,,,,,,,,,,,,,,,,,,,,,,
55,Çok güzel. 1 haftadýr kullanýyorum þarjý yeterince iyi. Mikrofon kalitesi de muazzam. Fakat diðer anc olmayan model ile aralarýnda pek bi fark yok. Gürültü engelleme benim için önemli diyorsanýz güzel ürün. Onun dýþýnda diðer versiyonunu almanýz daha mantýklý.,,,,,,,,,,,,,,,,,,,,,,,,,,,,,,
56,Çok kaliteli airpods pro da kullandým gürültü engelleme kýyaslamasý yapýlacak olursa proya biraz yaklaþmýþ bi pro deðil ama toplu taþýmada vb. Yerlerde iþ görür ders çalýþayým kafeye gideyim kimseyi duymayayým diyorsan yetersiz pro almalýsýn.,,,,,,,,,,,,,,,,,,,,,,,,,,,,,,
57,Ürün hasarlý geldi. Müzik vs dinlerken arama geldiðinde baðlantý kopuyor. Ýade talep attim. Yalnýzca sol kulaklýk deðiþimi yapýldý. Ancak sorun hala devam ediyor. Bozuk olan bir ürünün tamiriyle uðraþýyorum.,,,,,,,,,,,,,,,,,,,,,,,,,,,,,,
58,Kalitesi kulaða oturuþu çok güzel silikon baþlýk sevmediðim için tercih ettim özellikleri gayet güzel çalýþýyor bi insanla konuþurken sesi kendisi kýsýyor felan çok güzel,,,,,,,,,,,,,,,,,,,,,,,,,,,,,,
59,"Aktif gürültü engelleme (ANC), net ses kalitesi ve uzun pil ömrüyle günlük kullanýmda konforlu ve dikkat daðýtmýyor",,,,,,,,,,,,,,,,,,,,,,,,,,,,,,
60,"Ürün silikonsuz kulaklýklar kategorisinde olmasýna raðmen yeni eklenen gürültü engelleme özelliði çok iyi çalýþýyor. Boyutlarý oldukça uygun kulakta takýlý olduðunu hissetmiyorsunuz. Parasýný hakeden bir ürün ve iyi bir ses ve mikrofon kalitesine sahip. Kutudan þarj kablosu çýkmýyor, ürün özelliklerinde yazýyor ama yinede buna dikkat edin yazmak istedim. Kargo hýzlýydý. Media Markt satýcýsý sorunsuzdu.",,,,,,,,,,,,,,,,,,,,,,,,,,,,,,
61,"çok güzel ve gürültülü ortamlarda müzik dinlemek için harika. hýzlý geldi. Ancak, bir android telefonum var bu yüzden gürültü engelleme ayarýný deðiþtiremedim bu yüzden tüm gürültüyü engellemiyor. Sadece beyaz gürültüyü engelliyor",,,,,,,,,,,,,,,,,,,,,,,,,,,,,,
62,"Ýlk defa AirPods aldým, ses kalitesi gayet güzel.Silikonlu olmamasýna raðmen aktif gürültü engelleyici modu gayet güzel çalýþýyor.Dýþarda ki sesi %70 oranýnda kesiyor.Ýki beðenmedigim yönü var, birincisi kulaktan düþecek hissiyati çok veriyor sürekli elinizle düzeltme ihtiyacý duyuyorsunuz.Ýkinci sorun ise kutu çok küçük olduðu için kutunun içinden kulaklýðý çýkartýrken zorlanýyorsunuz.O yüzden 1 puaný bu iki sebepten dolayý kýrdým.",,,,,,,,,,,,,,,,,,,,,,,,,,,,,,
63,"Ürün muazzam derecede. Uzun zamandýr 3. Nesil kullanýyordum, Onu kýz kardeþime verdim. Aktif gürültü engelleme özelliði bir tek pro modellerinde olduðundan kauçuklarýndan dolayý almak istemiyordum. 4. Nesile de eklenince kaçýrmadan aldým. Ancak ben aldýktan sonra fiyatý düþtü bu durum açýkçasý beni çok üzdü.",,,,,,,,,,,,,,,,,,,,,,,,,,,,,,
64,"Ürünün kalitesi, sesi çok iyi ama 24 aralýkta sipariþ vermene raðmen garanti baþlangýcý 11 Kasým görünüyor",,,,,,,,,,,,,,,,,,,,,,,,,,,,,,
65,Orjinal ürün geldi. aktif gürültü engelleyici modu güzel deðil arkadaþlar gereksiz. baþýn aðrýyormuþ yada kulaðýn týkanmýþ gibi hissettiriyor. allahtan kapatýlabiliyormuþ. bence özellikli olandan almayýn gerek yok. keþke birisi bana bunu söyleseydi. 4-5 günde geldi. Satýcýya güvenebilirsiniz. Þarj kablosu vs içinde yok bilginiz olsun. ,,,,,,,,,,,,,,,,,,,,,,,,,,,,,,
66,Kulaðýnýza taktýðýnýzda ses boðuk gibi oda gürültü engelleme özelliðinden oluyormuþ baþka bir husus yok bence güzel bir ürün orijinal mi deðil mi diye çok tereddütlü aldým ama orijinal ve kablosu yok tavsiye ederim,,,,,,,,,,,,,,,,,,,,,,,,,,,,,,
67,Ürünü diðerleriyle baya karþýlaþtýrdým özellikle anc olduðu için tercih ettim fakat bu yorumu satýcý deðil direk Apple deðerlendirmeli içinde þarj baþlýðýný geçtim baðlantý kablosu bile yok anlayamadýðým siz bua ürünleri kaça satarsanýz satýn zaten alýnýyor. Þunun içine adamakýllý bütün ekipmaný koyun da para verdik aldýk iþimiz görüldü diyelim,,,,,,,,,,,,,,,,,,,,,,,,,,,,,,
68,Ürünü sadece kutuya koymuþ göndermiþler.Kim bilir gelene kadar kaç bin defa saða sola çarptý durdu insan þunu bi balonlu poþete sarar. Teknosa sana yakýþmadý 1 yýldýz vermiþtim ama vicdaným el vermedi 4 yýldýz olarak düzelttim.Kulaklýða bayýldýmmmm.,,,,,,,,,,,,,,,,,,,,,,,,,,,,,,
69,bul uygulamasýnda gozukmuyor sanýrým telefonu guncellemedigim icin ama orjinal bence garantisi falan gozukuyo yani,,,,,,,,,,,,,,,,,,,,,,,,,,,,,,
70,"Ya ürünün kabýný baþkasýndan satýn alýyorlar ya da ürünün istiflemesini özensiz bir þekilde yapýyorlar. Fotoðraflarda da görebilirsiniz, kesinlikle kutu kötü þeyler yaþamýþ. Sorun kargoyla ilgili deðil çok bariz. Garip bir þekilde ne kulaklýkta ne de þarj kutusunda bir hata göremedim. Çok büyük ihtimalle baþka ürüne kutulama yapýyor aldýðým firma. Garanti de sýnýrlý iki yýllýk garanti þeklinde gözüküyor ve sipariþimden günler öncesinde baþlamýþ :) Fatura tarihiyle ayný deðil. Yani ürün de kutu da sýfýr deðil. Bir haftadýr kullanmama raðmen bir sorunla karþýlaþmadým kulaklýkla ilgili. Her özelliði gayet iyi çalýþýyor. Ancak bu demek deðil ki sorun çýkmasýn. Dikkat edin, gerekirse 500-700 fazla verin kendinizi garantiye alýn",,,,,,,,,,,,,,,,,,,,,,,,,,,,,,
71,ses kalitesi cok iyi gürültü engelleme de harika cidden ama sarjý benimkinde mi bir sorun var anlamadým cok gitmedi bence 5-6 saat aralýksýz kullandým bitti kutusunda da hemen sarj oluyor ama önceden kullandýgým baska markalarda daha uzun gidiyodu acýkcasý yine de güzel,,,,,,,,,,,,,,,,,,,,,,,,,,,,,,
72,"kulaða büyük geliyor, sürekli kulaktan düþecekmiþ gibi bir hissi var, beðenmedim",,,,,,,,,,,,,,,,,,,,,,,,,,,,,,
73,önceden pro kullanýyordum gürültü engellemesi pro kadar basarýlý deðil bir de kauçuk olmamasý biraz kulak acýtýyor tragus piercingim olduðu için harici güzel,,,,,,,,,,,,,,,,,,,,,,,,,,,,,,
74,"Ürün güzel geldi, ancak 3 ay sonra kulaklýðýn bir tanesi þarj olmamaya baþladý. Garantiden halletmek zorunda kaldým. Bu kadar kýsa sürede arýzalanmasý yüzünden 1 puan verdim.",,,,,,,,,,,,,,,,,,,,,,,,,,,,,,
75,Gürültü engelleme özelliði müthiþþþ. Ses seviyeside gayet iyi. Þarký dinlerken iyi hissettiriyor. Mikrofon ve hoparlörüde çok iyi. Ama eðer pubg oynuyosanýz sað sol seslerini ayýrt etmek çok zor,,,,,,,,,,,,,,,,,,,,,,,,,,,,,,
76,Karþýlama çok özensizdi kutusu yamuk geldi kulaðý biraz aðrýtýyor,,,,,,,,,,,,,,,,,,,,,,,,,,,,,,
77,Mikrofon kalitesi beklentimin altýnda. Onun dýþýndaki tüm özelliklerinden memnunum.,,,,,,,,,,,,,,,,,,,,,,,,,,,,,,
78,Kulaklýkta silikon olmadýðý için aktif gürültü engelleme çok verimli çalýþmýyor. Ayrýca benim sol kulaðýma tam oturmuyor düþüyor. Alýrken bunu göz önünde bulundurun eðer bu özellik için alýyorsanýz gidip airpods pro 2. Nesil alabilirsiniz. Yüksek seste dýþarýya ses veriyor. Eðer buna takýlmýyorsanýz düz airpods 4 alabilirsiniz fazla para vermenize gerek yok.,,,,,,,,,,,,,,,,,,,,,,,,,,,,,,
79,"Ürünün kendisi birçok yorumda ifade edildiði gibi etkileyici. Kulakiçi kullanýmý hijyenik nedenlerle tercih etmiyorum hem de kulaðýmý yoran bir tarafý var, komple izolasyonu da sevmiyorum. Bu nedenle pro deðil diðer apple modellerine veya farklý markalara yönelmiþtim. Bir apple kullanýcýsý olarak bu model zaman içerisinde öne çýktý. Aktif gürültü engelleme özelliði ile istediðin zaman ortamdan soyutlanmayý transparency özelliðini açarak ortamdan soyutlanmayý iptal etme imkanýný sunuyor. Ben sevdim ve pili de gayet iyi seviyelerde görünüyor. Puaný kýrmamýn nedeni satýcýnýn ürünü jelatinsiz göndermesi. Bende refurbished veya kullanýlmýþ hissi uyandýrdý. Neyse ki faturayý beyan ederek garanti süresini yenileyebildim. Ancak kargolayan þirketin kargo takibinde gördüðüm kadarýyla tr.ndyl ya da ticari unvanýndan farklý isimde olmasý yani satýcý ty zannederken farklý bir satýcýdan gelmesi hem de jelatinsiz gelmesi bende hayal kýrýklýðý yaþattý. Neyse ki deneyim olarak bir problem yaþamadým.",,,,,,,,,,,,,,,,,,,,,,,,,,,,,,
80,anc özelliði çok iyi sokakta taktýðýmda tüm insanlarýn konuþma sesini araba seslerini vs diðer tüm gürültüleri engelledi asla gelmiyor ama anc özelliði kapaliyken sokak seslerini alýyor normal kulaklýktan çok daha fazla bir þekilde öyle ki çalan müziði duyamýyorum bile. ayrýca þarjý çok az dayanýyor sürekli kulaðýnda kulaklýk olan biriyseniz yetmez size þahsen bana yetmedi. hem kulaklýðýn þarjý hemde kutunun þarjý yetmiyor sanki 1 kere taktim 1 film izledim biraz telefonda dolastim ve bir anda þarji bitmiþ kutuya koydum bir kac gun sonra takayim dedim tekrar ama þarj olmamýþtý kutusunda da hýzlý þarj olmuyor. ilk defa airpods kullandým o kadar da vaow olmadým. çok çok daha uyguna max bin tlye ayný özellikleri olan hatta daha iyi kulaklýklar bulabilirsiniz sýrf adý var diye alýnýyor,,,,,,,,,,,,,,,,,,,,,,,,,,,,,,
81,Ürün orijinal sorun yok kargo da iyiydi. Teknolojik olarak bambaþka bir seviye bu kulaklýklar ama... Tek sorun kulaklýðýn benim kulaðýma çok büyük olmasý... silikon kulaklýklarý hiç sevmiyorum diye bunu aldým ama keþke silikonlulardan alsaymýþým :( Bu küçük gibi gözüküyordu olur diye aldým ama aþýrý büyük oldu... kulaðýmdan düþüyor hep... takmaya çalýþtýkça kulaðýmý yara yaptým... ?? neden kadýnlarý da düþünerek tasarlanmýyor bunlar ya? ?? param boþa gitti gibi oldu çünkü kullanamýyorum...,,,,,,,,,,,,,,,,,,,,,,,,,,,,,,
82,"Ürün kulaðýma uymadý, yürürken kulaðýmdan düþtüðü için iade edip silikonlu model airpods 2 pro ile deðiþtirmek istedim ama iadem reddedildi.",,,,,,,,,,,,,,,,,,,,,,,,,,,,,,
83,"Ürün teslim edildi sorunsuz gibi görünüyordu fakat sol kulaklýk sesi boðuk veriyordu apple servisi aradým , ürün faturasýný istediler gönderdim fakat ürün faturasýnda seri no yazmadýðýný yazmasý gerektiðini söylediler MediaMarkt e iletsemde yapabilecekleri bir þey olmadýðýný kutu üzerinde zaten yazdýðýný söylediler apple ile sorunu çözdüm ama sonra servise götürdüðümde kusurlu ürün olduðunu söylediler yaklaþýk 3 kere gitmem gerekti ve en sonunda sýfýr ürün ile deðiþim yaptýlar .",,,,,,,,,,,,,,,,,,,,,,,,,,,,,,
84,ÜRÜNÜN BANTLARI AÇILMIÞ VE KUTU HASARLI GELDÝ DÝREKT ÝADE ETTÝM,,,,,,,,,,,,,,,,,,,,,,,,,,,,,,
85,Kutunun içinden þarj kablosu çýkmadý.,,,,,,,,,,,,,,,,,,,,,,,,,,,,,,
86,HERÞEY ÝYÝ HAS GÜZEL SATICI MEDÝAMARKT lakin gelen faturada sadece AirPods 4 anc yazýyor yani eskidende mediamarkt ten AirPods almýslýgým var faturasýnda seri nosu var bir kimlik gibi þimdi benim elimdeki AirPods u ben media marktan aldýðýmý þayet 3.5 ay sonra satacak olsam karþýmdaki insaný nasýl inandýrýcam GELEN FATURADA SERÝ NOLARI YAZMIYOR,,,,,,,,,,,,,,,,,,,,,,,,,,,,,,
87,Çok kötü ürün ürünün gürültü engellemesiz özelliði olandan alýn bunla onun arasýnda hiçbir fark yok ikisini de aldým ben kullandým ANC siz daha güzel,,,,,,,,,,,,,,,,,,,,,,,,,,,,,,
88,"Sakýn olaki TRENDYOL 'dan elektronik ürün almayýn, Çünkü aldýðým ürün arýzalý çýktý ve TRENDTOL 'a geri gönderdim iade almadýklarý gibi ürünü garantiyede göndermiyorlar sebebi ise þu; TRENYOL ile tarafým arasýnda yapýlan sözleme gereði KVKK kapsamýnda ürünü teknik servise kendileri gönderemezlermiþ, benim için gizlilik sorun deðil ürünü garantiye siz gönderin diyorum ama umurlarýnda deðil aradan çekildiler sýyrýldýlar.",,,,,,,,,,,,,,,,,,,,,,,,,,,,,,
89,"Ürün sorunlu geldi garantiye yollamak zorunda kaldým deðiþti ama yine ayný sorun. Ýphone x,xs,xs max modelleriyle uyumlu deðil arkadaþlar baðlantýyla alakalý sorunlar yaþýyorsunuz apple ile görüþtüm bana model eski olduðu için uyumluluk garantisi vermediklerini söylediler.",,,,,,,,,,,,,,,,,,,,,,,,,,,,,,
90,Ürün çok iyi çalýþýyor fakat bütün özellikleri kapatýp sadece %50 ses seviyesi ile film izlerken bile neredeyse 2 dakikada %1 þarj gidiyor. Þarj kutusunun da þarjý enteresan bir þekilde çabuk gidiyor ve çok aktif de kullanmýyorum. Ne yapacaðýmý bilmiyorum.,,,,,,,,,,,,,,,,,,,,,,,,,,,,,,
91,Ürünü aldým mikrofonu kusurluydu iki kulaklýðýnda deðiþim takebinde bulundum teknik servisten rapor istediler rapora 500 tl vermem gerekiyor raporsuz deðiþim yapýlmýyor o kadar maðdur oldum ki birdaha trendyoldan almam,,,,,,,,,,,,,,,,,,,,,,,,,,,,,,
92,ürünü satýn aldýktan 1 ay sonra sað kulaklýk arýzalandý satýcý ya gönderdim 2 hafta oldu hala bekliyorum,,,,,,,,,,,,,,,,,,,,,,,,,,,,,,
93,kargo inanilmaz yavasti teslimata ciktigi gun degil ertesi gun ulasti elime airpods kutusunun üzerinde lekeler vardi,,,,,,,,,,,,,,,,,,,,,,,,,,,,,,
94,AirPods aldým MediaMarkt güvenerek alýþveriþ yaptým hayatýmýn þokunu yaþadým bana gelen kulaklýk jbl airpods serisi ile karýþtýrýrsýn anlarým bambaþka bir markayý nasýl gönderirsin üstelik hediye alýnmýþtý ve veremedim maðduriyetimin acil giderilmesi gerekmektedir.,,,,,,,,,,,,,,,,,,,,,,,,,,,,,,
95,Ürünü sipariþ veriyorsunuz ürün 1 hafta kargoda görünüyor arýyorsunuz aa bakýn süprize satýcý ürünü kargolamamýþ ,,,,,,,,,,,,,,,,,,,,,,,,,,,,,,
96,JBL ile APPLE markasýný nasýl karýþtýrýsýnýz. Bu kadar büyük bir þirket böyle bir hatayý yapmamalý. Art niyet sezinliyorum çünkü 1 yýldýzlýlardaki problemler hep ayný. Paketleme de çok kötü lütfen airpods 4 ümü bu þekilde göndermeyin bir zahmet sarýnýz. Az para mý yahu. Bir de bekliyoruz o kadar cumaya denk geliyor iade iptal uðraþ þimdi deðer mi? Maðduriyetimin en kýsa sürede giderilmesini istiyorum.,,,,,,,,,,,,,,,,,,,,,,,,,,,,,,
97,Paketleme özensiz,,,,,,,,,,,,,,,,,,,,,,,,,,,,,,
98,Sanki çok orijinal gibi deðil. Son seste bile dýþardaki sesi duyabiliyorsunuz,,,,,,,,,,,,,,,,,,,,,,,,,,,,,,
99,Garanti süresi 2 yýl olmasý gerekirken yani aldýðým tarih 28.11.2025 ve garanti süresinin 28.11.2027 ye kadar olmasý gerekirken garanti süresi 01.08.2027 tarihine kadar geçerli trendyol bile kullanýlmýþ daha önceden açýlmýþ bir ürün satýyorsa kime güveneceðiz biz bu platformda almayýn aldýrmayýn!!!!!!,,,,,,,,,,,,,,,,,,,,,,,,,,,,,,
100,Kesinlikle önermiyorum... Neden diye soracaksýnýz çünkü bende sizler gibi internetteki deðerlendirmelere inanarak aldým. Piþman oldum. Sesi fullediðiniz zaman basslý sesleri asla vermiyor. Gürültü engellemesi anlatýldýðý kadar verimli çalýþmýyor.,,,,,,,,,,,,,,,,,,,,,,,,,,,,,,
,Ezik büzük çizik ürün gönderdiniz bunun için gerekli yerlere baþvuracaðým lütfen ürünün iadesini yapýp yenisini göndermenizi istiyorum,,,,,,,,,,,,,,,,,,,,,,,,,,,,,,
,kurumsal faturaya uygun olmasýna raðmen fatura kesmiyorlar cevap olarak iade edin diyorlar.,,,,,,,,,,,,,,,,,,,,,,,,,,,,,,
,gürültü engelleme diyorsunuz hic bir gürültü de.engellemiyor her sesi duyuluyor yazýk bu paraya,,,,,,,,,,,,,,,,,,,,,,,,,,,,,,
,Gürültü engelleme özellikli olaný aldým ama normal olaný yollamýþlar. Kablosuz þarj etmek istediðimde fark ettim maalesef. Açmýþ ve kullanmýþ olduðum için iade veya deðiþim de yapamýyorum. Havaya giden bi para var yani ortada maalesef ve çözülemiyor. Bu kadar dikkatsiz okunmasý gerçekten çok rahatsýz edici. Keþke daha çözüm odaklý olup yardýmcý olsalar.,,,,,,,,,,,,,,,,,,,,,,,,,,,,,,
,kulakta durmuyor çok düþüyor bu açýdan bakýldýðýnda kullanýmý sýkýntýlý,,,,,,,,,,,,,,,,,,,,,,,,,,,,,,
,Orijinal ürün gönderildi. Benim kulaðýmdan hiç düþmedi. Dýþarýda taktýðýmda gürültü engellemesi güzel fakat tamamen dýþ ortamdan sesi kesmiyor bence bu iyi birþey . Diðer türlü tehlikeli olabiliyor,,,,,,,,,,,,,,,,,,,,,,,,,,,,,,
,Kutusu pislenmiþ ve köþeleri buruþmuþ halde geldi. Neyseki cihaz kendisinde bir sorun yok.,,,,,,,,,,,,,,,,,,,,,,,,,,,,,,
,Dokunmatiði çalýþmýyor? Þarkýlarý durdurup açamýyorum,,,,,,,,,,,,,,,,,,,,,,,,,,,,,,
,kafa sallmaa özelliði çalýþmýyor,,,,,,,,,,,,,,,,,,,,,,,,,,,,,,
,Ürünü açmam ile servise göndermem bir oldu. Ürünün sol kulaklýðý arýzalý çýktý. Aktif gürültü engelleme özelliðini açýnca beyaz gürültü veriyor. Satýcý firmanýn fatura üzerindeki iletiþim bilgilerini arayýnca hat düþmüyor. Mecburen garantiye yolladým.,,,,,,,,,,,,,,,,,,,,,,,,,,,,,,
,Tüm özelliklerini test ettim hepsi güzel bir çok yeni özellik eklenmiþ bir alt modeline göre ayrýca boyut kutu boyutu olarakta daha küçük typ-c giriþli. Kötü tarafý þu ki markanýn bu kadar para ödemeye raðmen kutu içerisine bir þarj kablosu koymamasý korkunç kötü marka bu durumu her ne kadar plastik kullanýmýnýn önüne geçmek için yaptýðýný iddia etsede bir ürünü kullanmak tüm aksesuarlarý ile satmasý gerekiyor ne yapacaðýz güneþ ýþýný ile mi þarj edeceðiz o zaman bu teknoloji de üretsin kablo koymamak çok doðru olur ya da kabloyu tercih meselesi yapsýn ekstra para ödeyip satýn almayalým. Ek olarak satýcý ürünü ayný gün kargo demesine raðmen bir kaç gün sonra kargoladý.,,,,,,,,,,,,,,,,,,,,,,,,,,,,,,
,rezaleettt!!!!! almayýn aldýrmayýn ürün çakma üstelik kýrýk geldi deðiþtirmek için her yere baþvurdum reddedildi hiç tavsiye etmiyorum.,,,,,,,,,,,,,,,,,,,,,,,,,,,,,,
,Sýfýr cihaz yerine kullanýlmýþ ikinci el cihaz gönderildi. Kulaklýk daha önce kullanýlmýþ ve isim verilmiþ.,,,,,,,,,,,,,,,,,,,,,,,,,,,,,,
,kutu þarj olmuyor,,,,,,,,,,,,,,,,,,,,,,,,,,,,,,
,Yazýklar olsun kesinlikle orijinal ürün deðil daha ikinci hafta oldu ama kulaklýkda kesilmeler ve yankýlanmalar var yazýk günahtýr ya 10 bin verdim,,,,,,,,,,,,,,,,,,,,,,,,,,,,,,
